<?xml version="1.0" encoding="UTF-8"?>
<!DOCTYPE suite SYSTEM "https://testng.org/testng-1.0.dtd">
<suite name="Suite">
  <test thread-count="5" name="Test">
    <classes>
      <class name="Automationproject.Rescueway.About"/>
      <class name="Automationproject.Rescueway.BaseTest"/>
      <class name="Automationproject.Rescueway.Registration"/>
      <class name="Automationproject.Rescueway.Logout"/>
      <class name="Automationproject.Rescueway.Home"/>
      <class name="Automationproject.Rescueway.Pages"/>
      <class name="Automationproject.Rescueway.Login"/>
    </classes>
  </test> <!-- Test -->
</suite> <!-- Suite -->
